PhosphoSite,Log2,Adj. Pvalue
CSNK1G2-Phospho:S366.S381,2.92192502692727,0.88194592066469
PCDH7-Phospho:S1011,1.70145293100279,0.064154453186298
OTUD4-Phospho:S1023,-0.447050171621903,0.40143135633247
LAT-Phospho:S40,-1.15390571451026,0.385819377509877
U2SURP-Phospho:S63,-0.487953240376533,1
SNX16-Phospho:S29,-0.298036869236422,1
ZNF592-Phospho:S1205,0.569668271423847,0.656538522975603
GTF2F1-Phospho:S218.S221.S224,4.78705733454682,1
ARID2-Phospho:S631.S635,-2.49055516459802,1
CHAMP1-Phospho:S319,1.18264240376983,1
NFIA-Phospho:S333,1.96575196673898,0.146308375735772
SRRM2-Phospho:S1890.T1892,0.026097136443388,0.227480436893937
NUP214-Phospho:S430.S433.T437,0.592157412526656,0.34449339000073
CDC23-Phospho:S588.S593,2.14851016208647,1
FNIP1-Phospho:S593.S594,1.02821354969032,1
HEATR6-Phospho:S336.S337,2.05955800708485,1
NUP153-Phospho:S614.S619,-0.371034851576194,1
ZNF592-Phospho:S74.S78,0.598163874156374,1
SRRM2-Phospho:S778.S780,-1.06128684188555,0.014375330490733
SASH3-Phospho:S357,-2.66833543576115,0.387706720763221
IRS2-Phospho:S735.S736,-0.496746457119601,0.028958613095703
NKAP-Phospho:S149.S157.T161,2.64898028682431,0.81828515290755
ANKRD17-Phospho:S1696.S1700,-1.32212699678964,0.384055532211077
ZBTB16-Phospho:T282,-0.5270866516165,1
NFIA-Phospho:S258,-3.5054261998048,0.863008411072186
SRSF8-Phospho:S273.S282,0.625761557320928,1
PA2G4-Phospho:T386,-0.32348798290365,0.065394557007922
VCPIP1-Phospho:S998,-1.64044751060377,1
KMT2A-Phospho:S534,0.398789034275238,1
GPATCH8-Phospho:S911.S914,-1.22942982988199,0.109729163802805
SRRM1-Phospho:S694.S696,-1.87222194636747,0.453045175613063
DNMT3A-Phospho:S243.T257.T261,-1.29302539275471,1
HELZ-Phospho:S1738.S1741,-1.40534692148413,0.802553734621484
ELL-Phospho:S444,2.02965041681425,0.140865242330158
SPTBN1-Phospho:S2319.T2320,-3.15980257572836,0.999767722856434
NFATC2-Phospho:S755.S757,-0.117752757774089,1
EI24-Phospho:S320,-0.492340751734031,1
MRPS17-Phospho:S127,4.01388413021937,1
TNIK-Phospho:S707,-3.25583319028606,0.433763408274278
NCOR2-Phospho:S2046.S2054,-2.46248378903554,0.300518979102324
SRRM2-Phospho:S1541.S1552,-1.31635456455963,1
DDX55-Phospho:S594,-1.19615978027451,0.050490271464327
HUWE1-Phospho:S3906.T3924,0.274773129475039,1
TARBP2-Phospho:S152,-0.724640517671776,0.03295361523191
SRRM2-Phospho:S2100.S2102.T2104,-1.8923408712893,0.201516955237575
CHD8-Phospho:S1995.S2008,0.203706297226195,0.203629343966385
CLDN23-Phospho:S203,1.40618373001643,1
HERC2-Phospho:S1942,-2.32949663493415,1
DDX21-Phospho:S171,0.367975215205171,0.339932938805517
BOP1-Phospho:S245.S249,1.5457715454395,1
ZFP36L2-Phospho:S438.S474,4.30396167108895,0.094272158749811
WAC-Phospho:S94,0.850869646331432,0.708681366075103
ELF1-Phospho:T180,1.73998624054035,0.023177016224267
SENP6-Phospho:S335.S336,0.412435936230875,0.097894300685394
LAS1L-Phospho:S249.S254,-1.18007289580768,1
IWS1-Phospho:S261.S263,1.27053228201119,0.053433174883625
HSPA4-Phospho:S828,0.657665407639064,0.261531122612155
ZNRF2-Phospho:S116,-2.2292535363202,1
QSER1-Phospho:T1341.S1348,-0.940859479252245,0.012973982346161
MPO-Phospho:S92,-4.34857396490807,0.72468193243534
PLEKHO2-Phospho:S273,-1.657258234445,0.354550059972663
PRKCA-Phospho:T638.S657,0.167250982964789,0.085508720973733
EFHD2-Phospho:S76,-0.102556034813478,0.928061705065528
DNMT3B-Phospho:S82,2.27736956335797,0.006358485046468
RSF1-Phospho:S617.T628,-3.19620287414754,1
RREB1-Phospho:S1167.S1174,-1.54079790488754,0.836973911422573
HNRNPD-Phospho:S82.S83,0.413627607870733,0.210252526189748
FAM114A2-Phospho:S146,-0.622396786539604,0.083855207368907
FAM122A-Phospho:S270,1.98032202858847,0.277332879194866
MINK1-Phospho:S732,0.50712175983506,1
CHD4-Phospho:S515,-0.167549390562357,0.501003599614741
BUD13-Phospho:S172.S175,-2.30851215344261,1
SNAPC4-Phospho:S1224,2.46841296833865,0.221651485121591
RAPGEF6-Phospho:S1229.S1241,3.36150487477888,0.590758487895614
SHKBP1-Phospho:S642.S649,0.103784408944042,1
RPAP3-Phospho:S116.S119.S121,4.65214019351982,0.170129050932294
IRF2-Phospho:S144,1.09423721983717,1
ARID4B-Phospho:S1029,-1.30787723245155,1
CASC3-Phospho:T127,-1.85508305572054,1
NAV1-Phospho:S452,1.5946867925796,0.140377156201183
PEX10-Phospho:S261,-3.26015050724918,0.053152484026193
TBC1D9B-Phospho:T1239,-2.60222400609034,1
CENPC-Phospho:S73,0.406037576469243,0.146268423284328
ATXN2-Phospho:T529,-1.84233914704272,1
PNMA5-Phospho:S128.S133,0.043154260604053,1
UBAP2L-Phospho:S605.S609,0.319637397939375,0.77156963093781
CHD7-Phospho:S2559,-3.04085590288969,0.003689232705397
ABI1-Phospho:S183.T191,-1.28607928756728,0.519326040130719
MARCKSL1-Phospho:S162,-0.82077580489919,0.006460530477456
ZNF687-Phospho:T1120,-1.07533037184555,1
CEBPZ-Phospho:S34,-0.261989002803213,0.000356716374125
KIF1B-Phospho:S1057,-2.68439765526372,0.015430150798223
PCM1-Phospho:S378.S380,0.497974665403811,0.000192474133213
TPR-Phospho:S646,-0.181527428312855,0.817522894850702
WWOX-Phospho:T12.S14,1.50590066457916,0.103934265992317
HSPH1-Phospho:S809.T815,1.05025902984948,0.356294481786187
PRPF40A-Phospho:S933.S935.S938,-3.48144225781802,0.260356594678136
SCRIB-Phospho:S1306.S1309,-1.96731030502522,1
CDS2-Phospho:S33,-2.17634615418276,0.118933452290514
ATXN7L3-Phospho:S131,-0.011708103888881,0.158667778395129
SRRM2-Phospho:T1974.S1975,-0.227552079473583,0.891730402626655
SRRM2-Phospho:S1318.S1326,-0.005117102847163,0.893688514995176
RSRC2-Phospho:S27.S32,1.59252917054584,1
SLC25A46-Phospho:T44.T45,4.51979789845812,4.40806322891927E-05
MEFV-Phospho:S179.S187,-0.966431385005703,0.000546933876826
PPHLN1-Phospho:Y112,-0.091636912373871,1
H2AFY-Phospho:S170,-4.48930944029318,1
FAM21C-Phospho:T662,0.867076568253378,0.14329934806771
INO80-Phospho:S47.S48,0.47845139300828,1
WNK1-Phospho:S2027.S2032,-1.03113857033185,1
THEMIS2-Phospho:T642,-0.544413005419643,1
SRRM2-Phospho:S1219,-2.54112053926885,0.106618535079993
MATR3-Phospho:S596,-0.098551984554581,0.515602555001796
RIOK2-Phospho:S380.S382,0.283090367483073,1
KMT2A-Phospho:S165.S171,0.813474576965588,0.098296205738175
DDX42-Phospho:S820,2.42700942664677,0.639848844336651
ESYT2-Phospho:S755.S758,-0.182739006148618,0.293019039335937
INO80B-Phospho:S130.S132,-1.65874463855556,1
ARHGAP12-Phospho:T231.S240,-0.124053459681197,1
PCM1-Phospho:S65.S68,0.093389725354438,0.031856879243552
SF3B1-Phospho:T203.T211,0.734957409916715,0.432635609644707
AHNAK-Phospho:S3347,-0.876327289948335,0.086706405572124
ZFC3H1-Phospho:S354,-1.41894225203079,1
PIK3AP1-Phospho:S737,1.02016958904336,0.106350374679355
YTHDF1-Phospho:S341,-1.56964177591365,1
PPP1R3D-Phospho:S77.S78,3.50939496941367,1
GTPBP1-Phospho:S25,-1.53887081720428,1
PIP5K1B-Phospho:S448,1.62266606328277,0.050765147748525
SRRM1-Phospho:S465,0.282996419909044,1
EIF4B-Phospho:S418.T420.S422,-1.44114988129676,0.338493886258674
STX4-Phospho:S14,-1.21356885237543,0.689683008405367
KMT2A-Phospho:S831,-0.497115435397287,0.222763752332226
ELL2-Phospho:S502,0.793471958551346,0.255542256874716
PROSER2-Phospho:S312,5.57301208726592,1
ATP11C-Phospho:S1126.S1129,-3.13254269596675,1
USP10-Phospho:T82,1.17754612266325,0.278383538108466
ABCF1-Phospho:S105.S109,-1.15066857018363,0.720769492623309
RBMX-Phospho:S330,-3.46962010678319,1
NR3C1-Phospho:S226.S234,-1.53223824643201,1
PRRC2C-Phospho:S1246,1.96722314672772,1
TRAPPC12-Phospho:S109,3.12750609599746,1
FAM91A1-Phospho:S671.S674,-0.743835878420694,0.800022067485434
PNN-Phospho:S692,-4.03748494466741,0.018142508821302
RAD18-Phospho:S158,2.01878558596183,0.35876820244629
KDM3B-Phospho:S320,-2.34434729248463,1
PPP1R35-Phospho:S47.S52,-5.50343444556221,9.29242659120108E-05
SMARCAD1-Phospho:S212.S214,0.207649134456805,1
ZNF687-Phospho:T430,0.092686385617554,0.044921805046152
PRPF4B-Phospho:S20.S23.S32,2.09022853696837,1
LARP4B-Phospho:S516.S524,-1.18638019678635,0.009054556612353
SMCR8-Phospho:S489.S492,-0.127173602014658,0.373296216337983
DAGLB-Phospho:S576.S577,-1.0280960632522,1
MARCKSL1-Phospho:S116,-0.382148347028564,0.869169172545083
PCF11-Phospho:S624,0.58824273594536,0.257620176869836
ZNF652-Phospho:S197.T202,-0.695620723217167,0.100044089211889
PRKAG2-Phospho:S196,-2.31769485628205,0.153733889267495
NUP214-Phospho:T437,-1.82526063949318,0.099174118834493
LRRC41-Phospho:S326,-1.95272176921515,0.029355360884701
BNIP3L-Phospho:S118,-0.138966556139092,0.118052377199289
INO80B-Phospho:S127.S132,-1.67486939628274,1
DENND1A-Phospho:T532,1.84307039516131,0.553980044687551
SRSF12-Phospho:S223.S227,0.788986419661994,1
ZNF106-Phospho:S1370.T1372,-2.708789649638,1
CRTC1-Phospho:S151,2.25335677577775,1
RNF20-Phospho:S136.S138,2.30634216493003,0.069047166481069
PPP4R2-Phospho:S224,-1.17973052369711,0.08896713619005
LARP1B-Phospho:S331.S335,3.30047606202087,0.341861041898184
MAP3K5-Phospho:S964.S986,0.723772391455793,1
ELMSAN1-Phospho:T704,-2.39310971532359,0.899544688370926
PRDM8-Phospho:S453,0.439222794197804,0.251568389191901
SERBP1-Phospho:S202,-0.382293819356979,0.005277978038935
LARP4B-Phospho:S731.S736,-0.516315150516061,0.700788333614703
MDC1-Phospho:S495.S504.S505,0.9491535871791,0.050822042809538
PHF20-Phospho:S159,-0.7951841143344,1
SRRM2-Phospho:S704,0.43105306126016,1
FTSJ1-Phospho:S328,1.46780107740587,0.003095213499816
MYCBP2-Phospho:S178.S181.S183,-1.24546586665255,0.053030492188613
ZNF580-Phospho:S13.S14.S15,3.23378662726722,0.023809265236206
SLIRP-Phospho:T101.S102,-0.46194055284961,0.477977159637964
MTM1-Phospho:S590.S591,-0.30502484579174,1
LARP4B-Phospho:S585.S601,2.78042034823945,0.838942697486639
PI4KB-Phospho:S425.S428,-2.54957458663454,0.165349044414374
ELL-Phospho:S442,-4.39298064060249,0.360755243225565
RIPK2-Phospho:S527.S531,-0.734127433250522,0.244747754089612
ATRX-Phospho:S703,0.126922269330942,0.003859740892442
TOP2B-Phospho:S1461.S1466,0.786188855166429,0.883439169026834
MEIS1-Phospho:S257.T260,-3.14656868339536,0.391802871492627
SOGA2-Phospho:S1791,1.24748281231683,0.10268298797856
GNL1-Phospho:T48,-0.215416572035982,0.382492994381722
RFC1-Phospho:S108.T110,-1.14803685098606,0.297736282075299
ZNF185-Phospho:S153,-0.95370261551922,0.009455316960033
TP53BP1-Phospho:S1101,3.16020174904478,1
DMXL2-Phospho:S1137.S1140,4.31325672373866,1
ATP8A1-Phospho:S1124,0.530223934065074,0.046795150594155
ATRX-Phospho:S316,0.590859939543268,1
DAP-Phospho:S91,5.63118262615603,0.044266840025266
MAP1S-Phospho:S631.S632,-2.32155576567692,0.719818142820049
SRRM2-Phospho:S1982.S1984.S1987,7.33556598376992,0.222244009011426
RANBP3-Phospho:S126,-4.03656949960079,1
SF3B1-Phospho:T267.T273,-0.503084280356099,0.02601428149829
ARHGDIB-Phospho:S145,0.101677966427326,0.80473129920264
SCAF11-Phospho:S402,2.28566269343514,1
PTGES3-Phospho:S148.S151,0.264711005729845,0.420994652961464
SRRM2-Phospho:S846.S854,0.277958584779904,1
ACBD3-Phospho:S345,-0.945090719543811,1
CROCC-Phospho:S512.S516,0.327774499318917,0.931006466758658
RBM26-Phospho:S188,-0.148584364466444,0.972398102809732
UHRF1BP1-Phospho:S1106,-1.62165334093687,0.433629600783119
SUB1-Phospho:S118,-0.46671611556069,1
REEP4-Phospho:S194.T196.S202,2.27012446640657,0.069752694094621
AAAS-Phospho:S541,-0.663556857752818,1
NCOR1-Phospho:S2102.S2105,0.457524051375631,1
ARID4B-Phospho:S1153,-2.49617402478882,0.92106745020887
DNMT3A-Phospho:S255.T261,1.37642850627478,0.16173533831367
RLF-Phospho:S1080.S1082,-0.809156899244427,1
ASTN2-Phospho:T618.T623,0.548861214520134,0.070114259370004
RB1-Phospho:S350,-0.582403350450243,0.088345013507957
FYTTD1-Phospho:S16,-0.132178351725407,0.208565067877708
TRAPPC8-Phospho:S273,0.845692771816633,0.132013549511971
MKI67-Phospho:S1861,-0.331021388065771,0.091359935801591
DDX21-Phospho:T115,1.31383413686346,1
ANAPC4-Phospho:S779,2.14159816141179,6.45794052553851E-05
TMEM230-Phospho:S23.S24,-3.89286028654824,0.04397266215448
EHBP1L1-Phospho:S170.S191,3.83251544734684,1
CEP55-Phospho:S425.T430,-0.599328191478594,0.036349847442423
ZFP91-Phospho:S83.S103,-6.44644462259955,0.927792089924941
HMGCS1-Phospho:S495,1.7010879100933,0.070476071509373
DGKZ-Phospho:S75,-0.14948678427159,1
RANBP9-Phospho:S473.S487,-0.796670351594455,0.277376765501063
IKZF2-Phospho:S78.S79,-1.04848175785405,0.126149637615558
BCR-Phospho:S459.S463,1.87583864456539,0.939619556423888
CENPA-Phospho:S19,1.58766304877655,0.292992555529687
HSD17B4-Phospho:T317,1.04979027181503,1
SPEN-Phospho:S1278,2.96812276068022,0.403332330927592
PCM1-Phospho:S116.S119,-3.15431503353302,0.154581024964306
GTF2I-Phospho:T97,0.941534115181807,0.436270037031229
EIF4G1-Phospho:S1185.S1187,-2.85038498566709,0.09578279065108
LUC7L-Phospho:S332,2.09490602527655,1
DDX41-Phospho:S21.S23,2.8298834528106,1
BCLAF1-Phospho:S290.S297,-0.17970888747089,0.821886420630664
TMEM51-Phospho:S115,0.447730770607549,0.357525496675832
FAM219B-Phospho:S125.S127,0.694869152856141,1
SRRM2-Phospho:S1923.S1925.T1931,0.988392449503362,1
FIP1L1-Phospho:S492.S496,-0.972559578643236,1
SEC16A-Phospho:S1369,-0.374521246820978,0.000678615598056
ESYT2-Phospho:S755.S761,-0.218504070639913,0.877230467436193
AKAP12-Phospho:S644.S645,-1.87433041835448,0.465761941176921
FRMD3-Phospho:S24.S27,-2.90530002250862,0.838147058872564
BCL7C-Phospho:T111.S114,1.72370246224133,0.815648308799265
CHD7-Phospho:S2956,-3.96717462714558,0.185097254091564
NAA38-Phospho:S25.S29,1.5963865381553,1
SPECC1L-Phospho:S832,-2.8606304424636,1
THOC2-Phospho:T1288.T1289,3.05990697175652,1
SETX-Phospho:S947.T952,-1.33843468526502,0.00886079972037
MED1-Phospho:S1447.Y1456,-0.479880639037286,0.007195531124004
USP42-Phospho:S754,2.6824814511153,1
SLC29A1-Phospho:S273,0.573154570794368,1
SPN-Phospho:S328,-3.09193565274698,0.475597819487211
SH2B3-Phospho:S141,-1.2666296538806,0.576566781220711
ZNF609-Phospho:S1313,-3.30303058050088,0.008911819912932
MED1-Phospho:S1021.T1032.S1042,-0.386465959134746,1
LOH12CR1-Phospho:S75,3.20078917804232,0.553472449255561
GIT2-Phospho:S381.S394.S397,1.50040239644781,0.085188977800123
LRRC41-Phospho:T327,-3.76987696210021,0.028799985647161
NBAS-Phospho:S473.S475,0.651321081795601,1
ATF7-Phospho:T51.T53,-2.48925199184834,0.110025352639958
NIPBL-Phospho:S280.S284,0.685122931432333,1
HOXB6-Phospho:S214,-1.25945373732567,2.67841602118806E-05
SRRM2-Phospho:S1379.S1382.S1383,0.666302482675952,1
NIPBL-Phospho:S243.S255,-3.34291017407834,1
NPAT-Phospho:S774.S779,-1.76546012509053,0.04487234112144
PAK1-Phospho:S223.T230,-1.67469370911359,0.725160962459944
MORC2-Phospho:S779,-1.11462660040632,1
DBN1-Phospho:S272,-0.22826964661543,0.286207158688432
RAB44-Phospho:S399.T403,1.6050752966523,0.525900502514803
USP4-Phospho:S680,-0.00374081338089,0.102911750883152
RBM15B-Phospho:S600.S601,-1.34894802621538,0.003989051018664
DENND5B-Phospho:S1076.T1078,-0.085340925430932,0.032507790720659
TAF7-Phospho:T274,0.142974836556021,1
CYBRD1-Phospho:S284,0.41465620615935,1
NAA10-Phospho:S235,-2.69461096796273,0.017156205258876
SRSF1-Phospho:S231.S234.S238,0.013109509720521,1
MRE11-Phospho:S689,1.8844241638003,0.200937843141081
ARID5A-Phospho:S12.S23,-1.42424497970027,1
UBE2O-Phospho:S836.S839,1.15196883803001,1
TP53BP1-Phospho:S892.S898,1.94209960066854,0.001477597454777
TLK2-Phospho:S197,-0.182758314581268,0.362051394519247
TMEM206-Phospho:S48.S50,0.636579669041146,0.010617802182209
PLCL2-Phospho:S17,1.95462128071463,0.021386742734124
UPF3B-Phospho:S310,-2.41959236439363,0.38284721066082
PALLD-Phospho:S1116.S1118,-0.988230878371732,0.144339988138945
ACAP2-Phospho:Y479,2.29722371508451,1
FAM122A-Phospho:S270.S276,-0.565632857751642,1
DACH1-Phospho:S491.S497,3.35176855853193,1
SCAF11-Phospho:S726,-1.57132888361878,0.275599514648989
PCSK7-Phospho:S502,-3.08546131158494,0.067325441074542
CNOT2-Phospho:S157,0.714052596718846,0.451775221933713
HIDE1-Phospho:S213.S216,1.89424097927247,0.013541045824287
TRIM24-Phospho:T761.S771,-3.00931040106035,0.024667415012957
RNF138-Phospho:S137,-2.31213703415414,1
PCM1-Phospho:S1187.S1188,0.554219060305944,0.056712361827014
PTAFR-Phospho:S318,1.48141193321592,1
EXOSC7-Phospho:S177,1.85030048489264,1
ZZZ3-Phospho:S130.S131.S135,-1.4374300486041,0.198088646509678
LRRFIP1-Phospho:S116,-1.91096403574112,1
HLA-B-Phospho:S359,0.817982395016797,0.154193355903946
ROCK1-Phospho:S1341,3.21190459772954,0.311548887375828
VCPIP1-Phospho:S997.S998,-1.64914832375502,0.262283077460391
NCAPD3-Phospho:S881,-0.762796750815297,0.894476218839996
TLK1-Phospho:T179,-0.31740618705737,1
DNTTIP2-Phospho:S141.S145,-2.81536104384106,1
ANAPC2-Phospho:T466.S470,-1.46689419817686,0.001045944797362
ARID5B-Phospho:S264,0.326575047178955,0.041259050961531
SLC35C2-Phospho:S335,3.69759014171463,1
PTPN12-Phospho:S567.T573,-2.15026091815152,0.748231663634563
BIRC6-Phospho:S577.T580,1.15122213865209,0.085778263622407
HDGF-Phospho:S206,-1.20838430604087,5.22948162459284E-05
OSBP-Phospho:S379.S382.S385,5.18347218131364,1
SRRM2-Phospho:S1499,0.890366846157467,1
GPSM1-Phospho:S493,-1.27353867953847,0.9185148858508
DAPK2-Phospho:S299,-1.02867054001326,0.679900350249598
SASH3-Phospho:S97.T103,1.0761439903485,0.052596615860651
NBN-Phospho:S518,2.49007708196901,0.000370633593176
PLEKHO2-Phospho:S241,0.271318681365271,0.279385017685012
IRF2BPL-Phospho:S657.S659.S662,0.408964579328218,0.025050554182574
SRRM1-Phospho:S713.T718,-1.03602964983783,1
ZNF512B-Phospho:S665,-1.47361348753606,0.939758826162658
IRF2BP2-Phospho:S212,-1.6500591075537,0.037416545933706
DENND4B-Phospho:S735.S736,-2.6637534001254,1
LEMD2-Phospho:S497.S499,0.416578925413381,0.049458828859271
BUB1-Phospho:S593.S596,-2.21062395632408,0.428319955689409
RREB1-Phospho:S1167.S1174.S1175,-2.41182019514898,0.085740745280615
SUPT7L-Phospho:S108,-1.47067511797814,0.417434528497601
FNBP1L-Phospho:S488.S501,-0.287118527307592,1
PRKD3-Phospho:S30.S31,0.613208117132601,0.858897310112062
CD2BP2-Phospho:S194,-2.24689505620668,0.538183056666819
SSFA2-Phospho:S92,-0.735797158044875,0.062644769426087
HOXA9-Phospho:S184,-0.577793809318712,1
EDC4-Phospho:S725,-4.08282297781207,0.1166779120568
DAXX-Phospho:S668.S671,0.000388669382294,0.158307251430968
PDXDC1-Phospho:S721.S722,0.823944854571381,0.00134885054541
HELZ-Phospho:S1763.S1764,0.155043056259399,0.529960498867864
CABIN1-Phospho:T2151.T2154,2.40298008497844,0.21418314511553
NOP56-Phospho:S556,-0.087702546824006,0.11013205693385
PARN-Phospho:S596,1.04374552940482,0.070861982451287
CDC42EP4-Phospho:S138.S142,-0.748020476870566,1
SH3BP1-Phospho:S586,0.288389891914886,0.086540173794677
MATR3-Phospho:S206,3.31144128486919,0.010536710529148
CCNE2-Phospho:S21,-0.206635428749259,0.010166924897261
TWISTNB-Phospho:T322.S328,-3.72821586434047,0.901649867718909
BRF1-Phospho:S553,0.08473518697761,0.207970759357065
GPATCH2L-Phospho:S86.S88,-0.219970984990171,0.000132986785671
AKAP12-Phospho:S1390,-6.24838203956197,1
MMTAG2-Phospho:S217,0.487132309871547,0.42033651439189
KAT7-Phospho:T88,1.1528524715328,1
FOXK2-Phospho:S369.S373.S385,1.16432939321929,1
RIF1-Phospho:S1542.S1552.S1554,-0.352539909825502,1
NSUN2-Phospho:S743.T755,-2.10823667056834,0.34377153132422
CD44-Phospho:S704,-1.63034801619824,0.122957027837941
NSD3-Phospho:S150,-1.64443643760651,1
TNIP1-Phospho:S428.S442,-3.09150178224092,0.89953416930685
DBN1-Phospho:S141.S142,-0.119938162340836,0.368037063531028
TANC2-Phospho:S169,0.658967122270168,0.443112202568801
STAU2-Phospho:S485.S492,-1.73938170207221,0.221931084941047
AHNAK-Phospho:S5749,0.382624464659483,0.009208169010901
JMJD1C-Phospho:S384,-1.14227614485903,1
CMYA5-Phospho:T1115.Y1118,-0.332946351601704,0.473339242318715
HIRIP3-Phospho:S142,-1.56111963829006,0.06024913980204
ACIN1-Phospho:S210.S216,0.788433528267985,1
CDC23-Phospho:S576.S578,-2.01534728085628,0.167516066106728
FIP1L1-Phospho:S62,3.76587101100846,0.163932588589986
MAP3K7-Phospho:S439.S454,-0.395962352448454,1
PPHLN1-Phospho:S197.T204,1.0400911230637,1
NDRG3-Phospho:S327.S333,-1.44411089664694,1
LTB4R-Phospho:S310,-0.201032766182282,0.231181034740976
EIF3B-Phospho:S154,-2.911050523859,1
DBN1-Phospho:S339,0.67443759516491,1
MATR3-Phospho:S11,-4.49176576368569,1
RALBP1-Phospho:S93,2.85134173179173,5.88212454643843E-05
SCAP-Phospho:S1053.S1054,-0.275403833432481,0.105863917716056
MCM4-Phospho:S26.S31.S32,1.46219428458929,1
AKAP2-Phospho:S778,1.25858101109513,0.033151675362306
DDX42-Phospho:S829,0.434087244705677,0.923424638526674
RBBP6-Phospho:T1632,-0.689929518290594,0.466279015366146
SRRM2-Phospho:S2310,0.218716133310552,0.074478681984582
SCAF11-Phospho:S880.S882,0.183748269487561,0.196583407562578
PHLDB1-Phospho:S563,-2.20997979854625,1
APOBR-Phospho:S162,2.02719924738037,0.01941701343924
FAM129A-Phospho:S641,-2.78125961084167,0.569258764292803
ZC3H13-Phospho:S865.S873,-0.978050465297375,0.051396094964441
SETD2-Phospho:S321.S323,-3.658086037445,1
NUP98-Phospho:S612.S623,0.503819564674712,0.229765651768828
DYNC1LI2-Phospho:S205,0.276972307967025,1
NSUN2-Phospho:S456,-1.97959761564685,1
DDX20-Phospho:S677.S678,-2.34719027193829,1
RBM10-Phospho:S733.S736.S738,-1.8730809141443,1
CTNNA1-Phospho:S641.S652,-1.18582273958155,0.128789322198505
ZC3HAV1-Phospho:S275.S284,-1.43168951980675,0.143124613277842
KIF2A-Phospho:S140,3.63684448092698,0.278330464383785
PRRC2C-Phospho:S1263.T1265.T1267,-7.01332001077204,0.291831948868188
DEF6-Phospho:S590.T595.S597,-0.72649746539258,1
DMXL2-Phospho:S2123,-0.359710876603671,1
ATP8A1-Phospho:T7,-0.945130678375194,0.033006426957171
ARHGAP17-Phospho:S674,0.863853363860437,0.129002417583219
YBX1-Phospho:S167,-0.990052864855757,0.00519423244016
IRS2-Phospho:T1159.S1162,-0.526095233847194,0.631465522417227
CEP135-Phospho:T1127.S1134,-0.457338758049626,0.617195499751515
TOM1L1-Phospho:S323,0.864497199997707,1
PRKRA-Phospho:S18.S22,2.58421485405592,4.5635548672339E-05
SEC16A-Phospho:S587.T593,0.817440873184097,0.02300440492827
BUD13-Phospho:S364.S370,1.54465307132775,0.090779699771603
IRS2-Phospho:S365.S391,5.31071112655684,1
TARBP2-Phospho:S156,-4.16094763183168,0.059901089808962
PHRF1-Phospho:S936.S950.T951,-0.503023247957711,0.044855561638946
DHX9-Phospho:S77,1.4218223884994,0.039972092966563
ATAD2B-Phospho:S720.S737,1.54942601066677,0.285537006999784
WHAMM-Phospho:S775,1.10609951029312,0.200985079620574
SRRM2-Phospho:S1320.S1329,1.96953572849016,1
CRTC1-Phospho:S153.S172,-2.99938594853778,0.094826401494799
EDC4-Phospho:S871,-1.3265371961883,1
NR3C1-Phospho:S241,3.52929056057541,0.00374586755269
SLC19A1-Phospho:S499.S503,-2.44757505319232,0.045510273480333
IKZF1-Phospho:S384.S391,-3.60172174512238,0.37759688512584
KMT2D-Phospho:T1175,-3.1078776903463,1
RNF220-Phospho:S190,0.118781924136976,1
EP400-Phospho:S941.T945,3.31687777108897,1
TJP2-Phospho:S920.T925,2.65208319725609,0.001100392761147
NR2C2-Phospho:T352,0.388768107688516,0.70066957549959
RGS12-Phospho:S850,-2.2232198402477,0.56651493741023
DIP2B-Phospho:S148.S153,-3.73173645757245,1
MATK-Phospho:S501,-1.74421400603252,0.816476930306952
NCOR1-Phospho:S1980.S1981,-0.157226402242313,1
NIFK-Phospho:T234.T238,-1.09686290396662,1
BAP18-Phospho:T139.T161,-0.919974019069082,0.496134494771719
CLINT1-Phospho:S299.T308,-0.718471197630462,0.013204881992286
AKAP12-Phospho:S612,-1.7162457630858,0.135710804135899
TRA2B-Phospho:S95.S99,-0.925805856257021,0.910865890765103
MAP4K1-Phospho:S376.S377,-3.89360037527443,1
LIMD1-Phospho:S424,-1.41113508964062,0.494149483620971
DENND4C-Phospho:S1099,2.10630134882062,1
AHNAK-Phospho:S210.S216.S220,0.574596839724775,1
CWC15-Phospho:T110.S121,-1.2379460067924,1
SLC35A5-Phospho:S401.S402,3.26359217775478,1
TXNDC9-Phospho:S188,1.27822967761444,0.576227511825765
SRRM1-Phospho:S791.S797.S802,-0.443542490483737,0.340160721613173
FEZ2-Phospho:S205.S208,0.055266892381334,0.272044107206343
DNAJC5-Phospho:S10.T11,-0.362438452647015,0.303241656063217
PCDH7-Phospho:T1013,3.70441878216627,0.342934340411377
PCYT1A-Phospho:Y359,-4.72325065592266,0.054142267469989
AKAP13-Phospho:S1898,-0.487900442086475,0.095114515913872
AKAP12-Phospho:S371,-1.61430175403416,0.090229448780821
PTPN13-Phospho:T753.Y754,-1.1420164128756,0.532372350907961
BIN2-Phospho:S406.S411,0.104264502279566,0.292841006118918
CPSF7-Phospho:S194.S197,-0.98376020833468,0.104607878215956
FNBP1-Phospho:S502,0.848961688949654,0.003668053574392
EVI5-Phospho:S776.S778,1.62506335687665,0.071852815652078
CYSLTR1-Phospho:S315.S316,-1.78346776276666,0.005319488811848
KIF1B-Phospho:S1659,-1.66411191517757,0.658230106203064
MARCKSL1-Phospho:S22,0.763117200129641,1
STXBP5-Phospho:T784.S785,0.159725042269232,1
IL16-Phospho:S920,-0.268595354242054,0.787780700678327
CXorf21-Phospho:S192,0.627612341546544,0.024481590119352
CD2BP2-Phospho:S46.S49,0.219813739646295,0.829892644625042
PFKFB2-Phospho:Y482.S493,1.94175308714049,1
RIN3-Phospho:S875,0.015484258803167,0.736587127704514
POGZ-Phospho:S274,-1.09781260063111,0.175657074306303
C19orf35-Phospho:S95,-0.96770048929159,0.133529726692127
GEMIN5-Phospho:S1311,-2.01671796411849,0.666717158522231
C2orf49-Phospho:S189.T197.T198,1.15862253839565,1
KMT2D-Phospho:S4822,1.49130505017032,0.458055300486778
RANBP9-Phospho:S467,4.77481647739649,0.440337435506591
SRRM2-Phospho:S436.S437.S440,-2.87957215167663,0.580262859027816
RPS6KA4-Phospho:S745,0.083665820459169,1
PCYT1A-Phospho:S329,-0.650731727402742,0.03168907812874
MPP1-Phospho:T49.S57,-0.582638069226258,0.605634148367863
MINK1-Phospho:S641,-0.416829053994697,0.447474024621437
KMT2C-Phospho:S2935.S2946,2.69945313291302,1
SPAST-Phospho:S245,-1.8328062007136,0.00375791356469
FAM117A-Phospho:S193.S196.S207,-2.6653753002104,0.683197757362153
TAF15-Phospho:S387,-1.12220335654925,1
DENND5A-Phospho:T1067.S1068,0.41417746961242,0.45174945666881
PHF3-Phospho:S341.S342,-1.43621918502426,0.195328481615592
GABPA-Phospho:S303.S309,0.980466018606271,0.405314003384249
SRRM1-Phospho:S775,-0.151291055533118,1
CACTIN-Phospho:S71.S73,-2.05732804826978,0.024879246370955
ESYT1-Phospho:S1103,-2.58648931203927,1
C1orf226-Phospho:S222.S223,3.81329340183738,1
ZNF185-Phospho:S152.T158,2.53407147649888,1
POM121-Phospho:S393.S396,-0.761194334833261,0.095582721156334
MAVS-Phospho:S165,0.568019040183057,1
LIN37-Phospho:S137.S138,-2.0832422755198,0.107067142784389
TPD52-Phospho:S223,-4.343598549539,0.057787428576823
SPAG9-Phospho:S730,0.623983080026545,0.72402488708759
ROCK2-Phospho:S1133.S1137,-2.14088788009683,0.483351464155741
KMT2A-Phospho:S142,-0.400914482460978,0.095501751080213
SRSF10-Phospho:S129.S131.S133,-2.27299617783918,0.50747344484469
UBXN2B-Phospho:S16,1.15032485070411,0.145545478713998
CHAF1A-Phospho:S54,-1.35573748775166,1
AKT1-Phospho:S126.S129,-3.89425261239891,0.5937706028691
UBE2O-Phospho:S399,2.56163579206414,0.447208366593182
SRRM2-Phospho:S890.S895,-0.309379628808431,0.936573290149753
SRSF6-Phospho:S297.S303,-3.55904563081492,1
MORF4L2-Phospho:S71,0.913681728127101,0.078210773168763
STIP1-Phospho:S481,-0.193711039966338,0.302868658655263
LPPR3-Phospho:S508,1.84716144619084,0.076746497548088
POLA2-Phospho:S136,-0.556388041799558,0.838462270650735
BAZ1B-Phospho:S947,0.136412143573726,1
SRCAP-Phospho:S2787.S2790,3.36457267951135,0.732970295870486
ZKSCAN8-Phospho:S12,-1.06935273936882,0.45121708001898
NAP1L4-Phospho:S121,0.709724998842773,1
DENND4A-Phospho:S1128,-0.934205896148595,1
SMCR8-Phospho:S513.S516,0.427542447832889,0.007572641393018
CLASP2-Phospho:S525.S529,-1.18422681946175,0.168961297688525
ITGAL-Phospho:S1163.S1165,-1.0820633821469,0.946413238362336
DCP1B-Phospho:Y276.S283,-2.30829706489736,0.639550671633821
SCAF11-Phospho:T769.S776,-3.12676532448993,1
PIAS1-Phospho:S488,0.683956835819044,0.008215369625569
PBRM1-Phospho:S13.S14,-0.75860364935301,0.639032039059592
CLMN-Phospho:S635,-0.621996868805668,0.765860399105268
PRKCI-Phospho:T564,0.474194397946913,0.858901488791588
PLCG2-Phospho:S677,1.79607966392171,0.544454386844257
SCAF11-Phospho:S878.S880.S882,2.14071437166473,0.895415485370794
KLF16-Phospho:S108.S109,0.250870887741124,0.150820958893684
DHX30-Phospho:S226,-1.95071126289966,0.307863240115538
RILP-Phospho:S314.S315,0.834192158863799,0.000335835472238
BCAS3-Phospho:S838,-0.916883654918902,0.110269810164734
SORBS3-Phospho:S545,-0.018941576877547,0.10560329886079
PLEC-Phospho:S1721,0.165094077924114,1
TOP2B-Phospho:S1413,-0.16777833831938,1
FHOD1-Phospho:T495,-0.607429238366263,1
SRSF6-Phospho:Y53,0.056546117464702,1
EEF2K-Phospho:S470,0.665816977275158,0.341689701057377
ACTR10-Phospho:T415,-1.03832109792817,1
SRSF7-Phospho:S165.S167,-0.692312989675327,0.341352976698089
BIN1-Phospho:S303,-0.6821548693533,0.533055299741844
TBC1D1-Phospho:S565.S585,0.279176358950584,0.250282292919691
GTF3C1-Phospho:T556,-0.223236215725551,0.074524854090343
KAT5-Phospho:S199.S202,-3.03149370018506,1
SCAF1-Phospho:S557,2.22042641388339,0.21704622292287
REPS1-Phospho:S377,-1.70565431299656,1
HIRIP3-Phospho:T84,-1.72706021622686,1
LYSMD3-Phospho:S55,-1.98796775148725,0.021570872294359
SNX29-Phospho:S639.T641,-3.67764953692141,0.020270920494499
WBP11-Phospho:S353.S361,1.89378739637303,0.092370056645927
RBM8A-Phospho:S42.S46,2.3292209778087,1
KAT7-Phospho:S50.S56,1.75310268154369,0.2180573480673
FAM175B-Phospho:S368.S372.S375,1.72345794452882,1
RALGAPA2-Phospho:S819,-1.89122634323475,0.713117722200646
SP2-Phospho:T397,2.1446220801285,1
EEF1B2-Phospho:S95.S106,0.018886632623332,0.253926159595545
SRRM2-Phospho:S1423.S1424,-0.352663940321884,0.073731114009242
RGS3-Phospho:S943.S946,0.8770022079143,1
AAK1-Phospho:S670.T674.S678,2.72508620596262,0.271766687172499
CARD9-Phospho:S425,2.54171659087492,1
PDS5B-Phospho:S1176.S1177,-1.23988178635669,1
SUN2-Phospho:T107.S113,1.09257155013525,0.663961651967945
UBE4B-Phospho:S90.S101,2.31932753373913,0.122834280385031
BUD13-Phospho:S235.S239,-1.08643179582074,1
RPS3A-Phospho:S236,4.79919716315021,1
CDKN2AIP-Phospho:T203,1.10350405938844,1
YEATS2-Phospho:S367,-2.16297344976611,1
MYSM1-Phospho:S267,1.08652748823277,1
BUD13-Phospho:S172.T174,-1.25316921408506,0.015355711298592
KBTBD11-Phospho:S107,-0.191593034564752,1
PRDM8-Phospho:S301,0.549148476769131,0.727343479373279
IWS1-Phospho:S415.S420,-2.22913686101672,1
CEBPE-Phospho:T175.S188,-2.3821205813021,0.907025113772548
GPR158-Phospho:S902.S904.S908,3.61844918834076,1
VIRMA-Phospho:S138,-1.68477525466909,0.060498847628433
TOR1AIP1-Phospho:S135,-0.322360792296166,0.500952366059124
TNRC6B-Phospho:S1432.S1461,0.000147886193078,0.598484950780935
CHAMP1-Phospho:S376.S382.S386,0.915533423788318,1
NCF2-Phospho:S312,-4.31741041694422,1
AKAP13-Phospho:S1904,1.36986096118983,0.003275731589223
PLEC-Phospho:Y4615,3.31187425939571,1
CSDA-Phospho:S203,-0.362243433009613,0.016254884612081
NUMA1-Phospho:S1789.S1792,3.28013532343717,1
DNAJC2-Phospho:S47.S60.S63,1.2798456033407,0.523797361258685
PAK4-Phospho:S291,-1.66130371640079,0.009553698139255
PRR14L-Phospho:S1021,0.021624155095366,0.371102000026475
GPATCH4-Phospho:T114,-1.27877369657691,1
IL4R-Phospho:S470.S474,-0.674398985362631,0.379975925347541
WAPL-Phospho:S459.S461,2.52184357837885,0.05415311215665
SRSF4-Phospho:S431,0.287547150120635,1
RBM17-Phospho:S229,-1.23644874146096,0.070474538391488
EXOSC9-Phospho:S392.S394,-4.87072927420651,1
FAM129B-Phospho:S641.S646,-1.71699018572856,0.13456334750442
BRAF-Phospho:S151,0.453106468075991,0.599496917334486
FAM129B-Phospho:S665,0.669800223575031,1
PPP1R9A-Phospho:T201,0.743712733888829,1
REPS1-Phospho:S540,-0.304394693898373,0.264718970504811
REPS1-Phospho:S170.T173,0.189494199315179,0.104694216527822
TMEM100-Phospho:S121,0.18065569229814,0.67457494855258
PLA2G4A-Phospho:S431.S437,1.2845326185032,0.066954266115609
RING1-Phospho:S170.S190,0.88779550339566,0.598271097077809
LARP7-Phospho:S299,2.35337629994772,1
TRA2B-Phospho:T201.S215,0.81952934918988,0.653105731003826
AKAP12-Phospho:S627,-2.15418830001196,0.196036024363997
LRRFIP1-Phospho:S720,0.238964092603568,0.028580679432169
H2AFY-Phospho:S170.T178,1.89543387449412,1
BRCA1-Phospho:S1189.S1191,-0.489807257017189,0.139081696562998
AKAP2-Phospho:S393,-0.52198970655523,0.177794917819004
PAK1-Phospho:T167,1.16542606972375,0.05556168389734
PPIP5K2-Phospho:S1006.S1013,-2.77264850394287,0.023716403840832
PRKAR2A-Phospho:S78,3.71203577976458,0.213435732547663
DOCK11-Phospho:S1240,0.987649453732452,0.315147935950065
PPP6R1-Phospho:S529.S531,0.877235420573531,0.311151734416538
DDX42-Phospho:S751.S754,2.1677691648928,0.006626191210492
SSH2-Phospho:S461.S466,-0.022431276147829,0.440117018379293
TOMM34-Phospho:S186,0.760974456789858,0.155341455564499
POLR2A-Phospho:T1891.S1906,2.67593628356254,1
BUD13-Phospho:T123.S126,-3.93081184033681,0.575911397751579
SASH3-Phospho:T308,1.11593649734681,0.02849362060457
BOD1L1-Phospho:T658,-4.45043026799883,0.369689449872502
GTF2I-Phospho:S210,-4.23976938762588,1
NFKBIA-Phospho:S32.S36,-1.88190021415317,1
INTS12-Phospho:T125,-0.5707456819512,0.067210639684614
DNAJC2-Phospho:S47.S63,-0.602588831868471,0.809309222895375
KDM1A-Phospho:Y135.S137,2.36200351641263,0.307860656591366
PRPF38A-Phospho:S193.S194.S209,-1.80171384609209,0.31614581656882
VRK3-Phospho:T104.S108,-0.898015937307298,1
POLR2A-Phospho:S1847,-0.640133123374886,0.413671343065839
NFATC3-Phospho:S416,-3.09478078234426,0.001022933313233
ARHGAP25-Phospho:T442,1.18960187432691,1
RTF1-Phospho:S53.S58,-0.445523721062771,1
NHSL2-Phospho:S1034,0.872373340473533,1
AKAP12-Phospho:S557,1.75900093605606,0.54593492638833
PTPRC-Phospho:S1281,1.06576620733342,0.092119331661678
UBR5-Phospho:S1755,-1.60402330321733,0.109550030425688
FAM175A-Phospho:S404.S406,3.12988497628782,1
UTP3-Phospho:S37,-1.41771905927049,0.072962239432898
ZC3HAV1-Phospho:S271.S284,-0.979018218554725,0.136723317432782
CCDC86-Phospho:S58.S66.S69,-1.70170476064136,0.003887414752311
ZC3H13-Phospho:Y826.S833.S837,2.60863457178282,0.634970553618511
MARCKSL1-Phospho:S135,0.88252725124406,0.304924319415897
SDPR-Phospho:S203.S204.S218,2.79922049513299,0.395869074720806
DYNC1LI1-Phospho:S510.T515,1.60197406383082,0.066640476746194
EAPP-Phospho:S109.S111,-2.36579667655487,1
HTT-Phospho:S1870.S1874,-0.878664354042312,0.222274797010412
SSH3-Phospho:T65,-3.62987891783183,1
SRRM1-Phospho:S705.S706,-0.033551801174871,0.281715139065753
SMARCA4-Phospho:S1570.S1575.S1586,0.85164848281225,1
RASGRP2-Phospho:S576.S578,-1.18814177113451,0.441552915088762
AKAP1-Phospho:S107,1.96031739172954,0.237191540066797
SRSF2-Phospho:T29,1.25858176538205,0.178491070546529
SLC4A7-Phospho:S242,-1.91116619725756,0.000141571366961
SH2D3C-Phospho:S446,1.22370920031335,1
SART1-Phospho:T110,-0.934156653300649,0.843961614492446
USP11-Phospho:S948,0.194477213460901,0.005432268948642
RAD9A-Phospho:S368.S387,-1.89773999056933,0.170143471380851
INO80B-Phospho:S84.T87,1.64936200888132,1
SMARCA2-Phospho:S588.S591,-2.84154865459935,1
CCM2-Phospho:T241.S245,0.081749498161718,1
SLC20A1-Phospho:S417,0.818457091455533,0.287501123837045
SP100-Phospho:T185.T211,0.64153478828868,0.315958845966404
C16orf70-Phospho:T377,4.5302364417172,0.00106310058138
PDS5B-Phospho:S1176,1.49988345600358,0.05862373221301
TLE1-Phospho:S286,-0.1204068924238,0.945415957207122
HOXA10-Phospho:S272.T277,0.018345624656331,0.022511187638681
PRKCG-Phospho:S600,1.15347605266974,0.427146250524785
TLE4-Phospho:S292,-0.596599344219711,0.349975600960311
TRIP12-Phospho:S75.Y80,-1.69911878051378,0.1353700164466
PHF3-Phospho:S682,0.636488308700136,0.337112407464035
ZC3H13-Phospho:S370.S372.S380,1.77183999425414,0.714875246323344
NSD1-Phospho:S483.S486,-1.0633655116733,0.69989312849849
CSDA-Phospho:S79,1.93251509604605,0.158114498693078
LSP1-Phospho:T175.S177.S188,-1.35525794077928,0.617944415750824
EEF2K-Phospho:S474.S477,4.74987861964473,0.320014234411547
RAD23A-Phospho:S216,2.97134965723454,0.877217049873653
NIN-Phospho:S272,-1.00393797886582,0.996718464768476
SLC4A2-Phospho:S113,1.23929398533028,0.109743540674417
EP300-Phospho:T1906.T1909,0.285476137199386,0.644401285187933
AHNAK-Phospho:S5773,-1.73264344078464,1
ZNF687-Phospho:S251.S266.S271,-2.79642692933019,0.66050041140867
TOX4-Phospho:S181.S182,-3.75408683841885,0.109576238260997
MAP3K3-Phospho:S166.S169,2.09554700532773,0.483437525210251
NR2C2-Phospho:S44,-1.91260200274431,0.207617160726119
TPD52-Phospho:S176,3.07379607785629,1
BRCA2-Phospho:S658,1.29533371689833,0.864794119354153
LPIN1-Phospho:S449,1.1983974148575,0.161566845380591
TTC40-Phospho:Y246,-1.08807622001319,0.30380141560876
TCF20-Phospho:S1369.S1372,-2.64556300840549,0.061442242802604
LARP4B-Phospho:S516,-1.04770059221118,0.581315713466127
ERN1-Phospho:S846.S853,-0.13538494333091,0.099106439255519
RPS6KA4-Phospho:S737.T739,-3.6995238599722,0.128345330685647
XRN2-Phospho:S485,0.268324957412823,0.155164133410419
ZDHHC5-Phospho:S425,1.20206966370494,1
AKNA-Phospho:S40.S52,-1.75052197696606,0.227007194923038
SLC16A1-Phospho:S461.S467,-3.79522613290059,1
LCP1-Phospho:S117,-1.34145515852107,0.934477133337754
MAP1S-Phospho:S729.S731,3.78613327948772,1
KCNQ5-Phospho:S677,0.784416115830182,0.032975563867259
MAP1A-Phospho:S1675,0.964679552110338,1
PDXDC1-Phospho:S718.S722,0.977274774242136,0.838391472281922
MICAL1-Phospho:S767,0.165678164323021,0.575151866273849
GOLGA4-Phospho:S266,-0.70476545708351,1
DOCK8-Phospho:S1245,1.03817438926791,0.027173937140168
GTF3C2-Phospho:T177.S179,-5.91462810592485,0.000246083201098
MEFV-Phospho:S179,-0.867987082233019,0.003699868941113
TTC4-Phospho:S234,1.45505438295822,1
DMXL2-Phospho:S1133.S1137.S1151,1.11637094726669,0.512392566764228
PPP1R11-Phospho:S77,-2.58750505220993,1
AHNAK-Phospho:S5841.S5857,-2.44057630144813,1
TSC22D4-Phospho:S292,4.19052217440492,0.480620790863964
IRF2BPL-Phospho:S657.S662,1.43839228144838,1
RAD21-Phospho:S198,0.653115478288878,1
DNTTIP2-Phospho:S134.S148,-0.014588371125276,0.059036793038552
KIF7-Phospho:S895,-1.43557729903731,1
PREX1-Phospho:S1200,0.813184401536788,0.485185705483205
TRAFD1-Phospho:S327,-1.03604849437386,0.530846047368861
TNRC6B-Phospho:S563.S567,-0.78555556569526,0.424389248550948
RPL8-Phospho:S14,1.12295172194684,1
EIF4H-Phospho:S14.S24,2.94520282983222,1
AKAP12-Phospho:S627.S629,-3.64700044326582,1
LSP1-Phospho:S130,1.07755127040498,0.104307223563761
HSF1-Phospho:S303.S314,-0.273616925637106,0.342472973785051
BPTF-Phospho:T739.S742,1.41685180007646,0.054951856157556
BRD2-Phospho:S298.S305,-0.365772461911927,1
TRA2B-Phospho:T69.S71,0.806497525618396,0.281964960283148
RYBP-Phospho:S123.S127,1.28104332621935,0.643135744015984
PRR5-Phospho:S240,-2.34797156183546,1
TLK1-Phospho:S741.T753,-0.489241006827071,4.8954009587542E-05
MDC1-Phospho:S376.T378,0.66668779401533,0.243037464171048
L3MBTL2-Phospho:S688.S689,0.343317300013027,1
CHAF1A-Phospho:S767.S775,-1.37226993215845,0.008003594416441
ANKHD1-Phospho:S2279,-0.434149138003802,1
MACO1-Phospho:S332,-3.71263958161321,0.463267076580181
KCNH2-Phospho:S320,-3.81064329948194,0.681438713887798
UCKL1-Phospho:T532,-1.84745982602052,0.186639949179291
PLEKHM2-Phospho:S359,-4.25233218806768,1
PPIG-Phospho:S744,-0.749208844570437,0.597656950395211
HERC1-Phospho:T4859,1.16730874178371,0.077737635421986
SIGLEC7-Phospho:T411,-1.48635310943417,0.768913507048016
TRAPPC10-Phospho:S708.S711,0.962823143363016,0.277469627607056
RSL1D1-Phospho:T358,-1.59890953573228,1
ZC3HAV1-Phospho:T273.S284,-0.697100995639586,1
TSC2-Phospho:S1371,0.246350435047847,0.321970523962741
TNIK-Phospho:S640,-1.56251343739809,0.425050530198706
PML-Phospho:S493,-2.21495044648379,0.059782908321317
ELF1-Phospho:S163.S168,2.24157783733132,0.397410361024436
PLCB3-Phospho:S1105,0.405685945796893,1
AMPD2-Phospho:S192,0.344914874773837,1
ATG9A-Phospho:S18,-0.658268335986423,0.007686565267071
DNTTIP2-Phospho:T79,-0.852591405454903,0.402447570201018
STT3B-Phospho:S29,2.08732362061799,0.906018295134923
CEBPD-Phospho:S191,-0.787083761385306,0.125234970880728
SFMBT1-Phospho:S767.S775,0.29660068949751,1
PRKAB1-Phospho:Y192,-3.1256918779732,0.06708231522886
ZNF318-Phospho:S1037.S1043,-1.24132934489678,0.171964831518536
CRTC1-Phospho:S151.S172,1.75088770515495,1
TRIM44-Phospho:S336.S339,1.15222289052338,1
SRRM2-Phospho:S876.S883,1.06669848704497,1
FXR1-Phospho:S494,1.92306202252364,0.088189816317795
DHX34-Phospho:S749.S750,-2.33334403066456,1
EML3-Phospho:S889,1.72042534603411,1
RSF1-Phospho:S1277.T1278.S1282,-0.066547730978391,1
EVPL-Phospho:S1617.T1624.S1626,-0.857551884861346,0.017832241431298
AHNAK-Phospho:S3360,-0.87073468891577,0.187879486206847
HSF1-Phospho:S303.S307.S314,-1.12303953617535,1
FAM122A-Phospho:S173.S177,2.21780888184217,0.967168706551239
STARD3-Phospho:S47,-2.13261706716213,0.132211955696457
LSP1-Phospho:S177,1.63022856598794,1
SRRM2-Phospho:S1693.S1694,2.20634500556537,0.056653240105758
LRCH4-Phospho:S267.S281,-0.966312237656495,9.83880022454776E-06
PRRC2A-Phospho:S1085.S1089.S1092,0.428138273991573,0.000173820037666
RUNX3-Phospho:S226.T231,0.439333270272885,0.12504220217153
EIF4G3-Phospho:S230.S232,0.318150889252953,0.007242460412534
LIG1-Phospho:T195,-0.71361332599717,0.025458274717926
SRRM2-Phospho:S1441.S1444,-2.57449887441684,1
SLC4A7-Phospho:S233.S242,1.17765967441505,1
PANK4-Phospho:S393,-2.30152781409845,1
NCAPH2-Phospho:S284,-1.04346738521365,0.000543549717665
YWHAQ-Phospho:S232,3.26169461390584,0.000267793218624
BAP18-Phospho:T139.S141,-4.26144280073287,1
SLC29A1-Phospho:S269,-3.24758956862964,0.105147374888143
KMT2A-Phospho:S279,-2.16153762405333,0.266307935034097
DNMT1-Phospho:S143.S154,-0.229355965324041,0.004175533321106
SKA3-Phospho:S110.S124,-0.957196339718281,0.002142714232101
ARHGAP17-Phospho:S162,3.12277456003199,0.279772417325643
RAB11FIP1-Phospho:S357,0.378921627287323,0.060672759943616
NIPBL-Phospho:S269.S280.S284,1.17378985468618,0.462242401435858
USP20-Phospho:S373,-2.46310473735468,0.081092985764945
ARHGAP45-Phospho:S629,2.17774894705145,0.435033302263513
ADAR-Phospho:T601,-1.25221569416445,0.166585379265728
AKAP8-Phospho:S328.S339,0.849049470717939,0.137011948384091
C9orf142-Phospho:T145.S152,-0.670031178822304,0.337592594022867
MARK3-Phospho:S400,4.79677434861828,1
PSEN1-Phospho:S366,-0.321392445538988,1
RPGR-Phospho:S544,-0.2480012556902,0.373964786634763
KCTD10-Phospho:S23,0.429765565679479,0.112089800343176
FAM208B-Phospho:S2035,-1.70913784539918,1
MCL1-Phospho:T163,-1.3445479876016,1
NIPBL-Phospho:T2663.S2672,-1.57206023729157,0.050764453151802
SAMSN1-Phospho:S338,-1.34865220116404,0.536292337770143
SASH3-Phospho:S38.S42,2.39951242697987,0.401324281703673
RSL1D1-Phospho:T465.S467,-1.68604906127056,0.835161214593637
KIAA1967-Phospho:S675,-0.037619162359269,1
GYS1-Phospho:S727,1.96003759956165,0.000575875340714
CBLB-Phospho:S521.S525.S529,0.711645718025449,0.095155531303867
MAP4K2-Phospho:S328,0.604035787057282,0.964915087615092
MAP4-Phospho:T1142,-0.734504439767585,0.000835698245963
HNRNPUL2-Phospho:T165,0.529573391865946,0.178501080150269
MICALL2-Phospho:S649.S658.S660,-3.17510884873601,1
BUD13-Phospho:S197.S201.S214,-0.676523025419144,1
CTPS2-Phospho:S568.S571.S574,-0.035701132856055,1
POLA2-Phospho:S150,0.179632835247516,1
LRWD1-Phospho:S259,1.70771595178807,0.004751751429169
MARK2-Phospho:S479,1.49849940597936,0.12163377426532
FAM114A2-Phospho:S145,-1.06830880058849,0.017722578423234
ARHGEF18-Phospho:S1289.S1291.S1299,0.228632171449105,0.003831942421519
CPSF7-Phospho:T331,-1.22831020803188,1
HELLS-Phospho:S829,2.47985765127715,1
RAB44-Phospho:S569,0.254832233113036,0.300961043861615
PPP1R35-Phospho:S52,-1.0825467845061,1
OSTM1-Phospho:S322.S323,-3.41391906396636,0.207342684880926
MEX3C-Phospho:S537.S545,0.049425365625089,0.079827491005861
ORAI3-Phospho:S42.S45,-0.484854151262783,0.061237975803359
AZI2-Phospho:T251,-1.02530291766109,1
CHD1-Phospho:S215.S216,2.27085895189456,0.069897134702569
STK11IP-Phospho:S599,0.16637095084436,0.475422740608508
CHAMP1-Phospho:S282,-3.67023966620786,1
LEMD3-Phospho:Y258,-0.070585716372681,1
NIPBL-Phospho:S367,1.88770077902842,0.388490624324354
KDM2A-Phospho:T713.S718,-0.18298782778459,0.632286621181496
GPR126-Phospho:S1189,-0.314177981067651,0.000481857515549
FIP1L1-Phospho:S492.T494.S496,1.7910187330919,0.661214168641543
CD44-Phospho:S697.S706,1.33262138279131,0.15734783104898
EIF4B-Phospho:S418.S422.S425,0.487304283631064,0.263442117729831
MAST3-Phospho:S1223,-0.134844107605458,0.48678747682195
TUBG1-Phospho:S374.T391,0.056636257736275,0.788294250631038
PCM1-Phospho:S65.S69,-0.30130458878766,0.008413365666557
LEPR-Phospho:S363,-0.228260997572899,1
LAT-Phospho:S209,2.63549708765543,0.085106751382537
EIF2S2-Phospho:S105.T111,1.87028661902772,1
TP53BP1-Phospho:S1219,-1.31175984816785,1
DYNC1LI1-Phospho:T213,-2.23459705511388,0.563342566923411
RTN4-Phospho:S7.S15,5.63518453344851,0.033522262758484
PIKFYVE-Phospho:S105,-0.293644620979436,0.004076239934399
RANBP3-Phospho:S100.S101.Y115,3.96519436538468,0.062236489688038
XRCC1-Phospho:S241,0.43832657169135,0.107640887543231
MATR3-Phospho:S195,1.67041232177561,0.193371436484422
INTS10-Phospho:S382,0.071226831208648,0.136771427888423
SMARCAD1-Phospho:S124.S127.S132,-1.2691402886958,0.33527407782228
ANP32A-Phospho:S17,3.35551387208567,0.07259203274435
TOP2A-Phospho:T1397,-1.04692684649461,0.001801871838172
INCENP-Phospho:S218.T219,-0.678352951212225,1
RP2-Phospho:S28,-0.387567511225708,0.119163068003522
PCIF1-Phospho:S14.S30,-0.53852554537263,1
RBMX-Phospho:S328.S329.S332,-0.640989421593643,0.219817372936674
SRPK1-Phospho:Y62,0.096534757658102,1
ELL2-Phospho:S305,1.14956154407122,1
RBBP8-Phospho:S377,-0.664785933102093,0.002796314941466
SRRM2-Phospho:T1003.S1008,-2.8378564157354,0.178386201851165
OSBPL8-Phospho:S808,-0.664253526694894,1
BAZ2B-Phospho:S1680,1.04979678668068,1
SSFA2-Phospho:S737.S739,-3.18561556440383,0.737100986541356
PRMT3-Phospho:S25.S27,-1.74762548175791,0.270627427672606
NDRG2-Phospho:T330.S332,-0.797864917215256,0.047141021607978
ARHGEF11-Phospho:S1458.T1462,1.6015877556944,0.050155748707095
RING1-Phospho:S324,1.2181746707317,0.338831991246112
ANK1-Phospho:S1175.T1189,-1.95748452371073,1
GIGYF2-Phospho:S26,-2.43923800333378,0.231014722713591
BOD1L1-Phospho:Y2777,0.710111708580945,1
DBNL-Phospho:S160,1.04238893182639,0.097608269480139
CHAMP1-Phospho:S253.S260.S264,2.11318094799514,0.619386569582162
TOMM20-Phospho:S135.S138,-3.86508824833089,0.748505286791875
NUCKS1-Phospho:S229.S234.S240,2.71387669791133,1
EIF2B5-Phospho:S717.S718,0.983392558929843,0.600072060472386
POLR2A-Phospho:T1870.S1871,-1.76376996456729,0.040110943370364
TLE3-Phospho:S240.S245,-1.03912830603879,0.596908439818906
CDK12-Phospho:S341.S343.S345,1.97640160304616,0.096702012917454
RAP1GAP2-Phospho:S608,-3.87688088664585,0.056386925363154
SF3B1-Phospho:T257.T267.T273,2.80312051068493,0.316100938650639
SNX17-Phospho:S333,0.091902621565885,0.0134631231893
GIGYF2-Phospho:S236.S242,3.54107933722315,0.333094650456763
NUMA1-Phospho:S1721,1.60946912279224,0.375229006802246
MED1-Phospho:T1017,-1.7017760427673,1
EP400-Phospho:S941.S943,0.408742015946234,0.23896057483695
CABIN1-Phospho:S1439,1.58327292886613,0.027690164477228
PCDH7-Phospho:S989,0.213231702395481,1
XAF1-Phospho:S228,0.848225476056465,0.123627123642462
AKT1-Phospho:S122,1.59423285618068,1
IKZF1-Phospho:S384.S393,-1.87097323493452,0.969867007698923
CYBA-Phospho:T147,0.582727038678905,0.108409689041607
ATAT1-Phospho:S272.S276,-0.507573621993947,0.584660201671833
CSDA-Phospho:S370,-1.09023281252251,0.474050860346237
EEF1D-Phospho:S60,0.710448593003,0.985310902876746
PSIP1-Phospho:S514,-2.87504830989516,0.709546902559405
BEND3-Phospho:S164,0.397530749042315,0.617821403704203
SUDS3-Phospho:S45.T49.T55,-0.361507539917305,0.635293256348503
PCF11-Phospho:S370.S372,3.58130674474674,0.290297795761047
ZNF318-Phospho:S2189.S2192,-0.036846984048719,0.078397768279617
EIF5B-Phospho:S135,-0.554280804419492,1
EFTUD2-Phospho:T86,-0.914653219980543,0.006733223215018
ETV6-Phospho:S193.S203,2.12832124884248,0.014774461182442
NUP98-Phospho:S1028,0.141260435066136,0.274730140979005
SNRNP27-Phospho:S59.S61.S63,-0.634443073530625,0.000481872919071
ADD3-Phospho:S683,-0.256518088696554,0.030114847582525
SRSF4-Phospho:S446,4.14526142438079,1
PHKA2-Phospho:S1015,0.14106429763072,1
LRRFIP2-Phospho:S308,-0.256873690664711,1
CHD3-Phospho:S274,-0.844787450938831,1
RIPK3-Phospho:T224.S227,3.1165337172917,0.282921192008056
PBRM1-Phospho:S13.S14.S16,-1.76865811884139,0.03491380892367
MDC1-Phospho:S372.S376,-1.54899642253148,1
FIP1L1-Phospho:S492.T494.S500,-2.07997506747377,0.727439282213268
KMT2A-Phospho:S2196,0.607532568750634,0.47728290901007
ARHGAP19-Phospho:S422,-2.71377927365411,0.026311657301852
NUCKS1-Phospho:S234.S240,0.749260857499868,0.063528097375283
DIDO1-Phospho:T151.S152.S154,1.08261433005842,0.81197821153583
COIL-Phospho:S271,0.71250975350645,8.08574317712578E-05
MKI67-Phospho:S630,0.827506265034261,1
PDZD8-Phospho:S521,-0.874586985797192,1
EIF4EBP2-Phospho:S25.T46,-1.2801853563361,0.715692281242623
KHSRP-Phospho:T100,-0.139132071578848,0.000579163778277
EHBP1L1-Phospho:S191,-0.510214450001957,0.455840955424034
MKI67-Phospho:S3253,0.386431926429024,1
SRSF11-Phospho:T447,1.80134762160919,0.945452450193
ANKRD11-Phospho:S1790.S1792,-0.38184462608584,0.063724155284929
CYSLTR1-Phospho:S313.S315,1.22422448246634,0.007898658229977
SUPT6H-Phospho:S1701.T1718,-3.84171120640698,1
RIF1-Phospho:S1579,2.76962107053813,0.065314705658058
XPR1-Phospho:S666,-2.51300433747985,0.008298391164276
PALLD-Phospho:S1116.S1118.S1121,0.97961470087023,0.465248874391141
FOSL2-Phospho:S16,-0.875813027349528,0.003183540206186
ZNF503-Phospho:S228,2.61303234234839,0.153781075987439
TNS3-Phospho:S361,0.542647574634594,0.041515519158377
MYO18A-Phospho:S1998.S2002.S2007,4.26335612920066,0.944096530328765
MGA-Phospho:S2127,-1.26036657626526,1
SSB-Phospho:S94,-0.950439946375367,0.000918096649585
RANBP2-Phospho:T2743,3.13190508337533,0.098861210594545
EED-Phospho:S25,-3.28932280826381,2.94198483542546E-05
KHSRP-Phospho:S181.S184,-1.41628801356702,0.177818473018612
PRRC2C-Phospho:S1246.S1249,-1.0829502813786,0.988831470883271
SMC1A-Phospho:T946,1.92584823560139,1
HTATSF1-Phospho:Y650,1.00699444940748,1
ARFGEF1-Phospho:S286,0.398379235618175,1
KLHDC4-Phospho:T403.S418,-1.2751051325837,0.057750802587546
AFDN-Phospho:S589,5.58883854884561,0.648511236431889
RSF1-Phospho:S1277.Y1281,-2.477663439439,1
GIT1-Phospho:S588.S592.S596,-1.49618258009532,1
UHRF1BP1L-Phospho:S887.S889,-0.574706733860548,1
PRKAB1-Phospho:S25,-1.13088599010539,0.058289737277718
TJP2-Phospho:S398,-0.937059778103123,0.023929809686984
SP100-Phospho:S407.S409,-3.43879552951499,0.543818789552569
CHD4-Phospho:S308.S310,-2.55643927411667,1
CSDA-Phospho:S203.S204,0.086784591996683,0.867694150733678
MICALL2-Phospho:S649.S653.S660,-2.75397889314247,0.008540669613655
MYCBP2-Phospho:S2783.S2789,-2.69472996712706,1
AKT1S1-Phospho:T198,-1.48622119341973,0.12619875204977
SRRM2-Phospho:S704.S706,-2.11987936769787,1
TAF2-Phospho:S1196.S1198,1.8104157894971,1
KIAA0195-Phospho:S515,1.73490829815137,0.623851054833411
OSBP-Phospho:T377,-2.52850275661044,1
PRPF38B-Phospho:S527,-1.93410201262333,0.524657255665088
MDC1-Phospho:S1766,-3.38699561035808,1
TOMM20-Phospho:S135,-1.02466153041386,0.491281979962337
RAB11FIP1-Phospho:S199.S202,-0.749466475488084,0.055608350185424
SYNRG-Phospho:S932,-3.92257337028146,1
SKA3-Phospho:S110,-0.404097481227234,1
COG8-Phospho:S136,2.7217798358703,1.4045409771222E-05
S1PR4-Phospho:S346.S349,-0.301823466282965,0.001135003880241
SVIL-Phospho:S707,-1.89475024615197,0.107539233208727
NFATC2IP-Phospho:S90.S92,3.2412792628006,0.074456517707454
KDM3B-Phospho:S553,-1.69106724637743,0.019614884288525
VIM-Phospho:S430,-0.739184718658491,0.000681377642842
DOCK7-Phospho:S898,2.39952357198477,1
SNIP1-Phospho:S52.S54.S58,0.034984027503531,0.457259370784823
MED1-Phospho:S1401,3.43917453586247,0.208014741198769
ATP6V0A2-Phospho:S686,1.80812828214589,0.258911212657227
NDRG1-Phospho:S362,1.72401381545635,0.366043106726435
HUWE1-Phospho:T3660,-1.03654723638336,0.028965366076343
USP16-Phospho:S551,1.34826681779602,0.692968816083381
ELMSAN1-Phospho:S700.T704,2.11515938309306,0.966915976844901
FAM134A-Phospho:T279.S281,0.398113516254506,0.793665447220134
BAP1-Phospho:S583,2.17905168983925,1
MARCKS-Phospho:S118,1.14792642169581,0.883668867433111
SP110-Phospho:T117,0.970724213290195,0.248254560833482
ERCC6L-Phospho:S946,-2.25801725866872,0.042358429562741
SPN-Phospho:S363.S379,-3.61228246360627,0.822386147061788
PPIL4-Phospho:S377.S379,-0.963677659135038,1
CDK12-Phospho:T1070,0.879929975490833,1
SNTB1-Phospho:S205,2.07430137521528,0.707422702905369
LIMA1-Phospho:S686.S698,-5.08556638668981,0.752440352074233
ZNF592-Phospho:S145.S146,-4.28679349444031,1
NIFK-Phospho:S218.T220.T223,0.173825576113456,1
DCAF6-Phospho:S847,-2.35546826471228,1
ZFC3H1-Phospho:S1303,-2.14078555793742,0.533582896332018
FNBP1-Phospho:T294,2.26045075240284,0.328585933410377
PPP2R5D-Phospho:S90,-0.646301016716818,0.248044442539533
NEO1-Phospho:S1220,-0.869461935056951,0.558098278604895
MYCBP2-Phospho:S2681,0.032454967495729,0.476264513635865
FAM65B-Phospho:S37,0.466642697272996,0.141983084004703
PCBP2-Phospho:T179,0.479763614441917,1
MED12-Phospho:S2163,0.465917390810094,0.001050467401356
MAP1A-Phospho:S2629.T2631,1.79248094906028,1
TWISTNB-Phospho:T322,2.32896441145386,0.165202402314694
PPFIBP2-Phospho:S363,2.18202428899752,0.087924633964937
IGF2R-Phospho:S2479.S2484,1.05544562827837,0.92877765778377
ACIN1-Phospho:S605,-3.66400328890731,0.215219852119755
